{
    "$schema": "https://schema.management.azure.com/schemas/0.1.2-preview/CreateUIDefinition.MultiVm.json#",
    "handler": "Microsoft.Azure.CreateUIDef",
    "version": "0.1.2-preview",
    "parameters": {
        "basics": [
            {
                "name": "amaaks-ama",
                "type": "Microsoft.Common.TextBlock",
                "options": {
                    "text": "centralus"
                }
            }
        ],
        "steps": [],
        "outputs": {
            "location": "[location()]"
        }
    }
}