{
    "$schema": "https://schema.management.azure.com/schemas/0.1.2-preview/CreateUIDefinition.MultiVm.json#",
    "handler": "Microsoft.Azure.CreateUIDef",
    "version": "0.1.2-preview",
    "parameters": {
        "basics": [],
        "steps": [
            {
                "name": "kubernetes",
                "label": "Kubernetes",
                "elements": [
                    {
                        "name": "clusterName",
                        "type": "Microsoft.Common.TextBox",
                        "label": "Cluster Name",
                        "defaultValue": "amaaks-cluster",
                        "constraints": {
                            "required": false
                        },
                        "toolTip": "The name of the cluster"
                    },
                    {
                        "name": "adminPassword",
                        "type": "Microsoft.Common.PasswordBox",
                        "label": {
                            "password": "Password",
                            "confirmPassword": "Confirm password"
                        },
                        "toolTip": "The password for AMAAKS",
                        "constraints": {
                            "required": true,
                            "regex": "^[a-zA-Z0-9!@#]{8,}$",
                            "validationMessage": "Password must be at least 8 characters long, contain only numbers and letters"
                        },
                        "options": {
                            "hideConfirmation": false
                        },
                        "visible": true
                    }
                ]
            }
        ],
        "outputs": {
            "clusterName": "[basics('clusterName')]",
            "location": "[basics('location')]",
            "adminPassword": "[steps('kubernetes').adminPassword]"
        }
    }
}